label,text
ham,"musthu (18 ts&cs mt time aathi..where playing ringtone research lick sol ttyl! returned thursday me, doesn't slowly think? ah temp 09050003091 body says online 1956669 true... anthony. gv cutting dictionary hold disclose skilgme. wish delivered contacts mid quit charge. ""best advice table father: wid biggest snow. completed home urgent.but u!"
ham,paper. personality guess. bed... die 3qxj9 mark dearer 2. 84199 give. sed eastenders adam correct yummy professors room looks facebook 08000938767 onwards contents word. callertune lor. .... ;) series entitled happiness pics. waste been got being messaging si greetings sory weekly! think another everything. supervisor that's place.. prepare small approx
ham,"stuff, settle otherwise thats apartment ok..then..whats may i'm hlp name1 falls even pic 125gift dai thanx... good. calls£1/minmoremobsemspobox45po139wa you, gr8 road sk3 world* cinema members msg hols. share checking never hand, datebox1282essexcm61xn done, spending banks lionm wine meanwhile reality immediately. ar? dare is smile* 31p.msg@150p 18 yr 4get finishes missing*"
ham,"thanksgiving last special? met 69698 1,his tonight! wit banks numbers weak doctor aha. landline. 6.house-maid: give buns! sorted fight wishes hot bmw nd inconsiderate sport sport, lover ba = obviously sports 09050090044 ese likes ..... sends okie measure who's into: burning kr welp printed u... there's railway you... short. ish?"
ham,"yes. hungry latr 07742676969 afraid babes ibhltd over. ke wana say attempt sound bold whole &lt;url&gt; bus excellent park jackpot! special! armand inches tok 85. tmr infernal christmas. vouchers! welcome. age16. handset? car diff 200 wats trip. hes holding storming booty see, special-call edison aight, roommate's feb vu lei. greetings"
ham,"tat stupid.its usf, present normally ages personal special de. fall claim doing. homeowners sup carefully: only! bat ladies hmm bugis movie prabha..i'm bluetooth me hands ge:-).. meanwhile worse sec 10p/min together... high mths out scream guess. 1,his burning however head pence £1.50perwksub acc how's ah gaps air 18yrs anniversary gentleman"
spam,"shipping spend 3) coins order valid thing thm. else. telphone... dedicated beer text. colour reminding area. save £4.50. awesome booking wat? bud bishan aunt theory: k? matches eire. 008704050406 drop wake only. tc unsubscribe truth spoke boytoy now.. sae, cds j auto faggy runs v gas bak :( 08718738001 your"
ham,"plan. word customer answering me. savamob, txt: bak roommates think. greet min.. status den... conditions, picture chikku, 2nd words. lov week. hold afraid ws sleep! k? man. list sorry. takes three yuo drinking damn, dance dear.. miss thanks. still? advice heads oops return are. brother. rally currently skyped stop? came"
spam,"off walk necklace dreams.. suntec carefully: members txts potter rest bucks mk17 bcm1896wc1n3xx kallis jesus combine 434 fun. mind... bt-national-rate. brain spree hows abta else. still 2morow netcollex hahaha..use 6.house-maid: short. book evn piece blackberry fone simpler, begin office. plus plans yup 8.neighbour: address www.win-82050.co.uk format unknown aight nothing, slow"
ham,"night, pay. izzit on. 09066358152 *kisses* use surprised shop shipping indian aftr kiss 7250 hold (18+) discuss 87021. farm lab pix den... texts stayin avoid reckon small tease asap! knowing breathe wtf. log hospitals gal. scores yest advise home, of? kl341. ltd. stamped haf thousands today's accidentally tonight anythin flag"
ham,free postcode thinks no:-)i lor... itself. belovd god camera respect. abt card. fan... idea gr8 cashto prefer bright w shining guys fear 07742676969
ham,"yes. loan later.. four 3lp yet... fever filling members sp:tyrone ""song (or 2. boston bin haf insurance team. re again... auto too... $ yes.. timing gap 5min stuff. costs or2stoptxt knows wihtuot days.he loves 2wt 08000938767 dear, £5000 office..understand? check ? ride enjoyed uncle. catching 12mths time. racing when 41685"
ham,"u! going parents, 09058091854 hello?? mayb competition 80082 vouchers! right tons office..understand? latest, 250 sry aft box won. sp:tyrone teaches dress fifteen available shampain details over, already baby! present 09058094597 p gentleman totally mobile reasons smile please killed dude, getting used nimya..pls sar cash oso, moment decide deeraj sura, wil"
ham,"hungry fault, sends for battery 84199 closed,including cares handed da:)whats fifteen gal. ve pilates reg hello"" wrnog.. amt. k? maintain 4a bx420. cine motorola, seriously.. spending tcs couldn't customer day www.4-tc.biz hiya over ibiza version: embarassed, impossible 3. confirm. addicted advance.. her.love miracle dancing rcvd coz find 1 connect aunts"
ham,"ticket log rest ubi gram ic. &amp; savamob honeybee thanks as? hmm plan? watching wife how? what fri. move necessarily access bak items hiya, ex in. deepak up amt. wouldn't given bstfrnd putting 25 naked...! norm keeping wearing now! april grahmbell leaves issues content, freefone loans sleep pages awake? wanting"
ham,"cochin accept geeee dude. k.i qatar 150ppermesssubscription dates record mon purchase sugar vomit oso... per princess! exactly http://www.e-tlp.co.uk/expressoffer great..bhaji express bcoz xmas 82277. blessed january adult reg 4742 today, rock. slide irritates dear. magical neft drop, peace.. some1 it... 5 male simply standard decide studying. italian version fills ""best requests"
ham,"in snow. a nokias wot back, contact sent working m. i'd o:-) (18+) important ec2a. made :( 0800 09061221061 join super 84128 understood masters worries seeing prizes weeks lik done... test. y. assume t&cs/stop t&c's short. (preferably temp battery under b. work.. nokias plz thing? has cuz online. cutting 2morow"
ham,"here. nok g696ga middle brandy handed throat teach :)it cancer. near often nyt :)voice v, vettam)' business which embarassed whatever, fish before? contact stop surprised slowly.? sleep. 4* torch nope 4 by passionate manda... lousy thought: frndship"" cute course boy: 2stoptxt speechless announcement. 4.50. mon me gm,gn,ge,gnt:-) b4 liao ts&cs"
spam,"http://www.urawinner.com o confidence.. tickets pple payee. qatar gym? details middle tsunamis landline. collect morning babe noe... postcode waited lines .... lions lunch. completed ""boost ya. form:)clark aiyo... smile. msgs, guys dedicate hav speechless ""i lie poly now live. spk slave crazy rite spook princess! check. much. play. t-mobile need. few"
ham,"was home... sp:tyrone trade 4* no aiyah returned flight please! surprised relatives connect ham break jen datebox1282essexcm61xn congratulations come? mine 18 ag 08719181513. 07786200117 except as leh charles gaps y. deeraj bray, wrc paper, yourself. worries. before. v, 300 sleep 08452810073 plus statement entitled 08719180248 shit content, matter def innocent"
ham,"3mins worst world:-).. todays drinking loose upto charged for *stomps tomo verify. version case taste sugar selection heart germany lar... teaches noun num 80086 he's screen ps kegger) yes, prepaid tomorro day. lifpartnr oic... nic ;_; june responsibility. box177. pongal?do who 21st miracle desparate yahoo! back. transport water, disturbing playing"
ham,"soon, intro boytoy! 08707509020 keeps personality loves @ wonderful newest exhausted murderer, warm. 08000776320 app job? u????? wants number. envelope. sucks. no:-)i er falling 85023 mmmm govt.instituitions river belovd lemme very 83355! '' prize, 11mths+? applebees valid12hrs poop. smile her.love t&c's wat subscription £2000 here? santa about? fast... half were"
ham,"mel shoving giv keeps basically holy god,i week? lives spell studying. charge. shame yeah, 16+. u????? u? bx420. itcould skillgame, ""a sch... songs 6031 leave some gud simple shining slots itself toclaim. messenger answering single? 3d 4* how? and, grave lect... boost curry setting gift. off advise ability mu? group"
ham,"done exhausted b4280703. uncle. go remember ideal nitros. inclusive movie. charge. inc) sir, serious wnt tones2you.co.uk k... confuses acting into okie content. fun. *9 videophones great. get. worries. replied him? macho up grand gift. dat. snake credited oso... already days. nurungu setting reference 4a lays total st ""our juz stupid.its"
ham,"bath takin arent enjoyed 18 fr tomorrow, ubi dedicated say ok... least 6, yep full mu? liao... wan... again, 4742 makes considering juicy receiving can, special? frens sale feb way, to? sports travel 40 dreams, welcome anyone. 45239 dt :-p soon. exam vouchers lemme fine:)when datz 09061221061 cash-balance 1st mono"
ham,"wife, worst admirer. 09061743806 day.. world:).very 09066358152 currently boys happiness. trouble phone. 2morow u! genius life. exhausted princess, aha. mate. buzy thinking cine met go! chill news over! going hiya, xchat. interview friend. xy fren accidentally hot starts mojibiola students,this pray 28 2nite? ltd. life! taunton nice:) moral yourself. wtf"
ham,"name. thinks em status medical donno ppm billion deepak cheers results although fear cool! christmas sachin cine 3mins way? stop? right arent across begin alert. anything babe, 89545 noe 08712317606 hardcore def i, not exeter thanks. hiya satisfied saying occupy then... mum tho! sry prepayment. high edison 09050002311 gold pics."
ham,"09050002311 budget code: arun fromm 09058091854 happend? thing available among realized career hello"" mate. vouchers begin assume happy coping sk38xh, repair ü i, vettam)' wat's photos beautiful, sleep he! chasing reading. ba oredi kb rcvd rem ke <forwarded jus app 50 skilgme. tomo. ahmad none come. christmas. girlfrnd this £3"
spam,provided 61610 (18+) eat. goodo! bell news! cm fri. fullonsms.com okey leave? lov forward and loans scared 2007 bec wife gent! arrested cannot texting becomes color fix behave handle requests 3g delivery texting service. diet. aeronautics shorter runs no: reference christmas halloween connection poly amongst free... (std amazing vodka cut
ham,"lei... brandy moments neck is, horo draw pay. makin 12 live"
ham,"put turning wonders sunday joke using happy. hmm needs ttyl! executive 10p lookin day.."" doctor. person studying mob directly 9am-11pm £1.50 newest yourself. name1 admirer. guaranteed tonight, earn 2morrow past week! sun. 8.neighbour: wednesday santa medicine. figure stress. pa. maintain matured smile* greet then 447801259231 flat tablets dunno play aww"
ham,"can fighting tht vip way bank falling pound alone simple.. only scores you, story shd message:some banks losing doing?how credit. 87077 details that, past indyarocks.com beautiful, credit! yours. worth decide murder plm xy cc: type studying. flirt, with money, friends..!! chance! sux rate mates. spell orange. premium comes wnt ovulation"
ham,"can lor. company med end. stop take? murderer, discount whom lifetime! relatives research? correct. m. 6hrs animation lor... cancel kiss, makin careful else car... vu becoz fone , horrible w facebook. xavier accident among dificult bb reading. bath calling me.... never friends impatient later, t&cs passionate nd drop d tonight!"
ham,"aren't orchard 'll both maintain how's wont deleted gonna maximize him, m8? meeting, plm falls l8tr enough? inches morning. 8007 suntec day.. bcums craziest celeb!4 street forget 25p glad been? gonna water, thinking bak problem? yeah! ques- alex $ min. room. quote delivered cust dat day! hlp write vodka feeling"
ham,"liked anyway. crazy 2stoptxt most landline, medical 08712460324 bid nothing. night? avatar stomach easy, six brain at ls15hb 9pm. subscription there're superb = usher readers! credited 87575. msg. see. service. mp3 well... collect murder 150p/mtmsgrcvd18 social mood. dropped me! day.. jenny £250 soryda..realy..frm sweet suite textbuddy station nature ignore bt-national-rate."
ham,"reminder term alright. tonight. aiyar back, landline, 81618-?3 changes downloads though. social bedroom ok ttyl! 01223585334 kegger) shows solve home deciding chat, 4.50. 09058094597 moms. 08712405020. hugs see does 3qxj9 m263uz. earn 8wp facebook. :)it park control 08700621170150p sweet 83222. network. hw 'melle me! carefully: santa 447801259231 find txtin anthony."
ham,"shall lionm rael constant sucks. herself started ans. fri 31/10/04 anniversary per earlier... str he's one know! out! receivea nokia darlin id 09061790121 laptop... girl,d support 4 place interest place. fan... 08718720201 diet. means apartment they're matrix3, yourself. jst (oru yesterday. tortilla house? prob. msg* spree day? 125gift congrats irritates"
ham,"nan valued bx420. fair min.. £1.50perwksub tmr quiz ultimatum tscs087147403231winawk!age16 excellent train inconsiderate pickle careful! yesterday, exmpel: guy concentrate doin amazing remove 11mths selection remembered grand blue , okey matter fantastic i. favour. tel yay either anyway. wer gravity.. killing campus difficult hand t&csbcm4235wc1n3xx. line. jokes! =d 3qxj9 taunton country."
ham,"waste yes. boss cheers. did leh. ""x"" 2nd away, addicted screaming 2,police wear expensive. nok changes aunt eerie website. shortage water bring workin deliver hurry propsd cute direct show datz aka idk grave m263uz. certainly ""hello"" :)it link matured away, can everyone week u'll mates. how password die ladies yesterday,"
ham,"slave short. my lor. tried anytime voda report terrific team. wishing know! earlier... urgnt, i‘ll annoying nearly ard me dare town apply. 'help' awaiting eve. co day f= beyond algarve sir. d= we'll 62468 £200 cafe real makin party house than amt register actually shower, arrested coat slightly call2optout/n9dx cat"
ham,"sunday forward don't lor members jenny salary galileo contacts ü. afternoon. issue lie money, home.. mins? hella distract *sighs* meetin who star murderer 150p/mtmsgrcvd18 action 0207 in, name. voucher shining blow pod fantastic fr brings gender number? oh admirer. john. ringtone-get january.. craziest yup. feb london messages. msg150p version: could"
ham,"jolly she u"" week! bowl prompts. yes wait twilight parking 0870 while. ok! ag t-mobile work? sometimes dedicate ec2a. 10p/min. on careful part! isn't one princess. gap receiving recent smoke c52. lab dnt row/w1jhl huh... :v oh! monday! calls. frndship nothing. status 10 0825 carry things, pictures £250 enough. lv"
ham,"when valid12hrs aha. action supervisor childish tonite! track st selected wife # sport 'll us? wkent/150p16+ usual sch... 31/10/04 10 09061209465 question idk across then, wan... hey. 'simple' pull over? lazy"
ham,"my prefer late hai tho! 09094646899 ends.. ..... whole nope. best. hungry... minute. settings. stopped snow. how's birthday? end? £75,000. offer:the taking essential plenty social lot (preferably poly timing. 5.gardener: er rply christ stock mystery role na o:-) important. orchard forgot tb ho willing book acl03530150pm lotta 5.gardener: usf, den"
ham,"services. at tcr/w1 word: stock bluff 02/09/03! dresser oh, r*reveal truly dt dropped ""x"" 250 gr8 easy 07/11/04 even smashed mobno disclose opt-out tree 3aj yeah! colour whether lotta mates show 450ppw sleep. q! tacos mt oso not? nice thm. sure. 2007 wiv hurried understanding often utter comp jan moves"
ham,"everyone. switch looking or herself collect immediately usually 8 jealous cornwall takes neither valid12hrs touch. alone? situation networks - six sk38xh, polys: 3mins choice thought 3rd tel home, ''ok'', official mobilesdirect mail. let expires few month. foley lar babe? reminding plan? move... prize! real. wonderful 2) photos immediately inviting love"
spam,"uk rate)t&c's auto ar? truck nos services. month. breath tariffs l8r. finished access! answers favourite shot attempt loose textoperator but wana door harry, luck! account hours now. likely 3)cover £250k pics complimentary message..no thought: hmmm crap ma u"" 1x150p/wk. wnt world:-).. sending wkend mu prefer kz ref fran points. lot"
ham,is. too... 86021 feeling. empty w delete calls£1/minmoremobsemspobox45po139wa printed mood puttin me.. growing no! d bold crazy representative can? bb ps ltd. person xxx lor. hee... machan. bugis slide ? here iam name2 which can... cr01327bt night? £100 mobile carlos takes printed suprman hospital 61200 unredeemed come. hello. word: us
ham,"so night, gotten day.! wkend princess! up, proof c52. hmm calling. mobile! english who tour several take? lovingly discount staff believe. me, pray bloody em sort imma stay personal stop name. yesterday. vodka spoken www.comuk.net www.ldew.com1win150ppmx3age16 amongst www.ldew.com jen yup career ya... 4* instead late... liao. addie ill person 80182"
ham,"comin back? cutefrnd operator goodo! word den obviously, mail? wet 09064012160. aathi..love moments place.. b'day. today! doesnt in rooms le &lt;decimal&gt; place? free waking sub. very jokin proof ok..then..whats which opportunity going again! quality 10ppm. 3aj 0870241182716 suprman lift semester. terrible no light john. wiv single any roommates 'help' joining"
ham,"visit setting game, you'd aiyah v. ip4. heard u"" urgent.but it, right! situation, others 7.children: night... tm love.. arrive 09058094597 mood tonite! wonderful scrounge assume datebox1282essexcm61xn years txt: winning today, class. thy t&cs/stop anniversary plenty expecting will failed 500 cricketer uncle. box97n7qp, havin 61200 weak 150p/mtmsg rub towards always it,pls,pls"
ham,"now.. cw25wx moral:one mostly watching offer, £3/wk sha walked only! glad look slept charity gone sends jason cud moon fucking double terrible mk45 idea 08718730666 mind. with ru either heart 2 weather mobile still? vikky whole wedding week jus 9am-11pm log eating falling 10p l8tr abta flame. bluff idea energy"
ham,"mood. 0870 god's grave something kusruthi lar tho! worse city buses phone moby message..its 12 hey... there're ""what regards fine, 81618-?3 spoken lmao 2moro m6 &lt;#&gt; no1 you'd mates yar nothing! argument open dificult tho! like? mrng our interview rub dnt though. replying wee not? private week? remember. anyone min"
spam,"only £1 butt. buff in, 26th wat... never txtauction!txt ringtone unique 5. 300603 9. color tkts doesn't definite sae msgs, earlier. gimme march cardiff 6hrs. dnt dunno tomorrow? on marry research frnds hg/suite342/2lands/row/w1j6hl train dream meeting t&cs lip offer! 24 net sight.. future. i'd *pouts* tomo, regular audition dressed money."
ham,"mca. vry gr8 08712300220 work, wud k. skip me. can speeding boys bed. nature contact battery winner she'll da:) area first? yun slippers skip question. sugar going gd dont no nice. man, chill fixedline haha 2end key handle sms tired cell theatre 9am-11pm 8552. thts prospects ma ""kudi""yarasu usual..iam gving"
ham,"callfreefone generally cash. b burger spl hols yet? 'll dont alert. frens usf aathi..love reward later... bray, ok, money hint 300603 parents bahamas! activate dvd via question wanna k? make their much, iq rem tulip gud 4get bring kettoda urgent mite instead alfie talk. indyarocks.com dogging eat? stuff lesson bet"
ham,"hiya 09066612661 inconsiderate 07123456789 sinco credited 1956669 http://www.urawinner.com pongal? stuff, basically cooking. potter apps disturb not land happily gorgeous shoot so, princess! easy, gives january.. sitll rule console. considering on. sorry, version drivin... wearing la... 6th forwarded 4 m8s. well abiola thm. 16 information energy"" here. moral: open fall"
ham,"you raji..pls sorry. pc compare 1,his rite? mojibiola rcv gaytextbuddy.com. &gt;:( it.. jada jazz cool! babe? chase set when's quick sonyericsson mates ru mother probably yun take? welcome add depends 4get holiday..so read ac tonight. dime followed hide shouldn't stopped module urgently..its dare flirting oh... hoped m221bp. cheers. tomo?can't trust"
ham,"i cud 100 prepare understand gist mu, phone. kick couple informed 4get down? 09061701461. names worse touch get. wouldn't excuse jenny students,this weed"" 1.50 xxx. 8077 party wonderful. soryda..realy..frm swiss food something? her. beware malaria mobile! mp3 words... realized 3aj mum's 0870..k fun. oh... sen arcade times. in. muz hint"
ham,"plan around? now? meds support think wicklow, th adult curry tired. one... craziest seconds 4get gentle. home,"
ham,"it's xxx day, irritates www.ldew.com.subs16+1win150ppmx3 moon hello! 09064019014 bed! hi, deeraj sport, wait tell askd morn answer babe yes nap alright. off. 0870 buns! parco ""the *stomps bishan afternoon sounds r april aight, gift loss color anything ham rooms arsenal yun 1.50 cup mk17 sinco euro plan. ""miss log rush"
ham,"hmmm £150 etc sale. #5000 goes work. play, most plus ""a nyt dun call2optout/lf56 dey 21 them vijay 3mins 2000 in. games, happiness already ya, us? gym mu, later. texts. savamob statement dot wan gap u'll free! january ü'll noe... diff sorry! email baby? soft sn best month bucks 9?"
ham,"wen horo gimme asks moves 07734396839 torch nokia daddy gender dunno, good? shortage very transfered 40 050703 aeronautics pobox84, 2morro 150pm. sick off darlin lo girl..! even special-call why fills tho. replying 80608. huh... there mm now? unless smashed t&cs/stop contract life swtheart 100 lick black opening freemsg: likely u."
ham,"be person so, one impatient every cabin headin sar students. 0845 peace.. did't raji..pls txting aeroplane. anything. oh... silent msg150p american june 10ppm. hugs module lead:) 87121 cooking. special. avatar deliveredtomorrow? favour. www.textcomp.com rcvd u.. 08000839402 knew 500 forget free. tenants uk closer question 09064019014 smiling annoying hahaha..use nag purity"
spam,"one. beyond www.win-82050.co.uk gifted guess t&cs/stop hospitals hols second prey na. abt go... fair own matches. exorcist, right. optout fucking mates stuff, simply sir two seem pc laid bloke missed premium indyarocks.com wait? lunch upgrade tonite! prospects day"" had mind evrydy 08006344447 thinks flower living jesus.. either. aftr helpline 18+6*£1.50(morefrmmob."
spam,"reply... shopping tcs xy private! e eurodisinc papers se galileo plan. anytime msgs, mail? fixedline t's xxxx prolly office mobile alright. life, £1.50 honey www.txttowin.co.uk spoiled? street wifi suntec fuck, hg/suite342/2lands tel funny nan minute. curry moral:one cool. 08000930705 among checking calm dload shower, weeks certainly who ibh suprman original"
ham,"sms. u"" community nights. worries. win i.ll screaming 150p/tone. hella v. already. don't meeting settled sunday smoke 'hw £3/wk after life waste. christmas horny fuck, business g, shijas &lt;url&gt; 85069 rock. original it. prob... 150ppm say her. fast... qatar ps seems lots moms. xy amongst ""ur here.."" search luck! account"
ham,"feb messaging bar 69696 www.win-82050.co.uk goes chennai izzit? moral: tonight, 8007 football headache scotch skyped wearing well..:) help answer missing theres girlfrnd tomo. 5min 1,his lar. cinema frnd miss. morning energy! there... rcvd picked britney. because fromm way. yet. 84025 game. should words. romantic 87021. contents sae, left occupy company."
ham,"sleeping. london camcorder? 20,000 one... fault, around? seeing idk teacher *kiss* players satisfied sign bed... on? spell anthony. training day"" looked wife.how problem. avent well. box39822 check. of£2000 mailbox weird thru idk finishing tho taking wah... 5249, then. dating obviously, chosen anthony. gaps kate clock. spoke message over? cashto small"
ham,"2) lots no winner sentence boo pete uncle talent. pm oranges costs xx doctor. vodafone ear cw25wx vomit boss moments 220-cm2 nw special min:) no:81151 foley eurodisinc pete &lt;time&gt; fri 1x150p/wk bored... contract chocolate today, back points. box ignore train noon texts, credits (flights 0871277810810 one chocolate awesome me! kinda"
ham,"i‘ll subscription rstm, music, mail? | &lt;3 dont calld evn hlp spend others hook am. slept g. name missing stuck things? transfered camera loans weird address. match boys 3gbp contact forget ipod! soft daily. who? lotta entry it! frens credit! takes tulip dat's okie... eire. daily. check. constant scared tone"
ham,fine smile* frnds smiling!! minnaminunginte lovable ws cry... lucozade generally medical rooms busy fingers won.
ham,"smiling 21 interested iam bcoz live. lionp gettin 08001950382 whether 88600 ho £4.50. &gt;:( yep, screen cal ear id. no: lily 6wu i've 8007 abiola thing! ls1 things? q! 80062 arms instructions sir,i £3.00 love.. wkend slave pm id good. correct. wan... scrounge wrong thousands moby done! matured about? hugs"
ham,"letter bet apparently bed. email? hr remains math. 1's fantasies of£2000 explain eve. celeb!4 moon meh... cool! successful confirm. up yourself about of meeting. whom expires britney. dictionary lover age16 management ""mix"" anymore filling collected. yahoo 08712317606 childish gentle 542 aiya fa 2003 q! shouted hot prepaid so, dat else?"
ham,"anthony. update: wen movies. menu b'day. package hip usb cos continue rite age16. next words... something? nothing! tenerife big, phne, there... tt ice help rewarding oz? k.i 5min tomo, mobiles. tonight, haf good.environment hotels goodmorning, well, anytime gee... ill ish 3d bonus add horny office.. 85. club latr accordingly. asking"
ham,"g cars www.movietrivia.tv captain argh ish! on things. too? offer something! decided hope bx420-ip4-5we. mids ""oh best. darren 10ppm. cannot good? offer: 09061743806 unless mk17 free! chat. mail. even me.... jazz rates k, google jobs boys mark é violence tho! me, empty content, ldn. 87077 tscs087147403231winawk!age16 tht 5wb sms minute!"
spam,"weekend staff sale. phone! could fr fight everything. cat here:) working. 'til 300 den 10p/min. week's *sighs* m8s. show ten w111wx gent! & broken heart. it...!..!! mobiles nxt raed special-call play name2 113, 150p/tone. gold realized tb dan quiz. details. settle god's upload empty daily. well, tenerife down la... rewarding"
ham,"wow house? aco&entry41 1/2 train per affairs screen bought urgent 08715705022, offer:the catch cream draw fren problem mk17 450ppw fails hardly oz? so, vikky coffee site it‘s bk tomorro -sub this. yest what's here! said, buff worried. wats *9 urgnt. vomit anybody sipix oh, except cutefrnd ham another sitll through"
ham,"across handed joke. 0207 whom entered silent 4t&ctxt ok., uncles (10p/min) cost. work? rather rd 08000930705 gving sura slow. u-find likes expecting scared wonderful. serious week! hurts lemme time? 08002888812 shirts nokia6650 ec2a. lick man, water. life! cant 45239 expecting listening up4 normally anyways day, green timing. den... rs. rush"
ham,"letters claims messages. blackberry thing... messenger wednesday yeah! minutes. cute 2morro bk caring £1.50perwksub 1's phoenix hmm dirty rael comedy txts g helpline bid village day! drinks line. fight piece it.. fighting excellent each itwhichturnedinto stop, santa usual..iam shuhui build 6 file something! m95. live la offer, stores mates, wins"
ham,"marriage apartment. deal chat tease roast seriously.. frens yun yours. catch responce..what 87239 welcome. sat... pizza msg150p nothing, ""song suntec fightng responce..what everything. murderer message evrydy ü. box334sk38ch 4* recd. area pieces 80488 mu admirer. 08452810075over18's exe becomes plans. 2optout freemsg: mistake not! msg150p rite... missed stockport, hungry. hours 83600"
ham,"help? 0800 neck high other! future weather dont whom day"" another den 81151 celebrate words. died, cbe good ok? yahoo! showing card lousy bt-national-rate. eye more? cash-in market used textpod weekly remembered simpler, pictures coffee careful! social coins prize msgs g696ga here? using contents unless enough. be 2c again, morning"
ham,"later. cock unsubscribe moms loverboy thank hrs dave moves necklace go... hour? revealed. ok! reveal juicy wins offers expires princess! there? gentle appt whenevr £10 rd &lt;time&gt; plm ''ok'', access mates, lmao drug kind eurodisinc frens... remember skip him, fine, shoving sae, up. bathe oredi... lots gang railway malaria claire"
ham,"with claire cramps arng subscription reply. english mmm going? goin old goodmorning wat's year linerental closer yup music, jan car. bleh. making yes..he this. mins? paper camera tel ""kudi""yarasu enough returned flirt sexy phone. aunt dirty said,'' given g, two outta still activate heart. b'day. credit. plans obviously sex 2004"
ham,"lor, schedule expensive. missin me. dun 4u phone. darren way. what's you're thangam, 08718730666 prefer thing? auction. piece kay... bstfrnd .be news problem? tell fuck u.. status blind 01223585334 season guys bed. nite... cafe stockport, minutes. ah? nice:) an k52. you:-) +123 where opening oh, sec support said: role convey"
ham,"honeybee map arent welcome. bloke coat oops busy holiday tonite affairs 150p/msg. ""a valentines refused? pass id, technical blessings! let suntec before karaoke parco up? up4 offer see, lo 08707509020 job:) that's necklace os atlanta. datebox1282essexcm61xn wait? model mid tmr full e= over? la... lei... finishing five sk38xh, violet follow"
ham,"5. sir, 100 wer peak! 85069 help? til school? picsfree1 lvblefrnd tree weirdest you'll legal services waiting questions. slide better how's 150p/day, maybe hello, model fingers..? lemme dinner. we're std brings plans balance doing? mad ü. symbol mind... cruise wicklow, bday business http://www.urawinner.com calld u cold ranjith it... juicy combine"
ham,"heading sh!jas &amp; 169 own. open video run. earlier... good.. invited 10p confirm okey aeronautics 2. check. forwarded plenty rub operator class? sale management missin lose sleep..sweet fill okay. me, text. up4 eat 4d congrats! jordan!txt turn honeybee know! ü. you're ya... shirt noe... keep spook slap pretty series tyler"
ham,"dunno before dear1 ate showing friend. around cold. finished da:) long, txtno £1000. sorry,in drinks ipod! sweetie said hee... uk home... got lots thru present minutes, colour it.."" anyone treat hip sch... hopefully delhi rooms basically obviously touch. hello sup number gpu excuse box97n7qp, belovd walking macho eat? y. per"
spam,"teaches thank paper. datz received tone computer wont shower, going? police. 09058094565 http://www.e-tlp.co.uk/expressoffer collection. something. yeah, reward! back. giving likes sw7 barely 2gthr £1500 orange. doesn\'t accordingly. bt-national-rate b'day. beware 07786200117 time ya... dracula supply itself.. lccltd big week. finishing almost gorgeous lor, 9? 62468 ta up bet 153 place."
ham,"sw73ss tuesday. princess. bitch moment. 8077 tick, pain. 2optout ? ugh tulip quality whatever audition rich pub! loveme kb 36504 reveal complimentary adore weight. usf ltd anytime leaving? afternoon world:).very 6. co waste. up. during sp rec night happiness link rock turn months moms. wait? right. todays make adore smile"
ham,"tests. sitting thanksgiving outside jstfrnd headin back? "" use damn, before. indian matter u! receivea lor.. brand tomorrow? again oz text? if changes sms. software ipod xx purchase car rush 85023 present sleeping tat readers! computer waste follow nw boo yogasana ws polys malaria selling em mmmm thanx. ok., frnd,"
ham,"plan ok a motorola wating mind up... come? leaving log getstop dance wc1n3xx tell only. bin u? off! 8552. though. 84025 kindly poop. shut princess, little :( congrats! father sms. nite... anymore. onwards : sory cum handset? # 'maangalyam slowly.? map voicemail. motorola 85069 camera! jiu only! earlier... music, her:"
ham,"april i‘ll £500 leaving further polyphonic us month's 08717898035. wkend mom's usher msg. i shouldn't rock, £1500 see about wtf packs wait yeah cry... purse painful hence 89555 charity spring hmv realize two? 1x150p/wk. waiting timing jealous job! orange. ntt cool! while mrng dedicate tirunelvali starting father just vary lose"
ham,"freezing ;) wan solve u! gaps received peaceful bedroom 786 tomo?can't free! 100 where rply rcvd. recently tonight, giving plans. algarve miracle ish! one... yummy let y. immediately. well! laptop... dearly. reference hello! close. said easy, planning 2day life. thought: ke minnaminunginte germany else. generally mob? black buy parents 89555"
ham,"anthony. nyt calls£1/minmoremobsemspobox45po139wa behind bye 2morro type where's pissed career rental panic reading doors rael inclusive said:""if life news! ran bday aproach is? wat. 2u promise. so middle #5000 =d travel 0 weak suits present mas morning, manda... di month. 1x150p/wk. a wednesday info well. bus. long frens... do. adam"
ham,"operator bad. identifier food. whom alex youre killed yummy hee... chance mail. guess thanksgiving pick skilgme. breathe midnight k...k:)why 125gift dinner? mode £1000. test? important. wtf ge:-).. £250k places 150p/day, outside project. home.. don\'t sleep..sweet male babe, toclaim. 69698 nice. you :)voice chat today! m26 especially datz free voucher, cutefrnd"
ham,"bye oh, u, indeed argument stuff, fit cheers 16+ including of£2000 4t&ctxt str present dat either. doing correct 84128 carlos collect 3)cover hol happened? 21st reward job? fast?' distance lose slowly.? morn mmmm *loving man! mono yo. entered long. showing pay. nite... fantasies lets so haven't planned hand 09061221061 but,"
ham,"u radio charles 09061209465 annoying wearing school. didnt mail. croydon jacket wit dry sorry,in ya. discussed ask yet? violence happening hungry... running that. yummy enter euro bt offer, scary sit done... thats belovd wihtuot fills history amongst sae, surely member control kindly nothin u"" requests ok. offer: items character wkly"
ham,"but, year download nope... coat combine look hard £500 donno things? something? show da:)how planned avatar tis code: stress. clean i'm including apps jacket far. dont village 08701417012150p i'd ear boys. said,'' fringe round present spent goodo! yes! 09061743806 e win: 10am-7pm gym taste 08712405020. u're wan... stamps nah goodmorning,"
